lat&lon,name_x,address,distance,name_y,rating,reviews,distance_on_yelp
48.865983_2.275725,Bon,25 rue de la Pompe,638,Bon,4.0,120,647.0
48.865983_2.275725,Le Paris 16,18 rue des Belles Feuilles,493,Le Paris 16,4.0,37,484.0
48.865983_2.275725,Schwartz's,7 avenue d'Eylau,765,Schwartz's Deli,3.5,64,764.0
48.85375581057431_2.3390958085656166,Kodawari Ramen,29 rue Mazarine,880,Kodawari Ramen,4.0,95,123.0
48.867872484749_2.3648982158072,Ober Mamma,107 boulevard Richard Lenoir,158,Ober Mamma,4.5,307,539.0
48.856451985395786_2.334851883351803,Kodawari Ramen,29 rue Mazarine,485,Kodawari Ramen,4.0,95,312.0
48.855907555969_2.3925706744194,Fulgurances l'Adresse,10 rue Alexandre Dumas,236,Fulgurances l'Adresse,4.5,22,386.0
48.855907555969_2.3925706744194,Louie Louie,78 rue de Charonne,693,Louie Louie,4.5,46,932.0
48.840855311763_2.3875549435616,Le Janissaire,22-24 allée Vivaldi,472,Le Janissaire,4.0,83,320.0
48.88287775178599_2.287667370814871,Schwartz's Deli,22 avenue Niel,474,Schwartz's Deli,4.0,55,628.0
48.871044051984_2.3661044619878,Holybelly 5,19 rue Lucien Sampaix,598,Holybelly 19,4.5,300,408.0
48.84389286531899_2.351966388523578,Au P'tit Grec,68 rue Mouffetard,488,Au P'tit Grec,4.5,219,216.0
48.84708159081946_2.321374788880348,Restaurant Plume,24 rue Pierre Leroux,578,Plume,4.5,20,247.0
48.83602224288688_2.4708339950830287,Au Blé d'Or,2 boulevard de Strasbourg,183,Au Blé d'Or,3.0,8,311.0
48.83602224288688_2.4708339950830287,Iedes,45 bis avenue de la Belle Gabrielle,244,Le Jardin d'Agronomie Tropicale,4.0,6,233.0
48.835583838706_2.2325500845909,Pedra Alta,6 avenue du Général Leclerc,748,Pedra Alta,4.0,69,759.0
48.879089_2.354235,Brasserie Bellanger,140 rue du Faubourg Poissonnière,665,Brasserie Bellanger,5.0,21,369.0
48.876116_2.288124,Auberge Dab,161 avenue de Malakoff,828,L'Auberge Dab,3.5,91,351.0
48.7949023812189_2.373418360948562,Khankluay,125 rue Jean Jaurès,756,Khankluay,5.0,1,656.0
48.84504716661511_2.3494647851273465,Au P'tit Grec,68 rue Mouffetard,415,Au P'tit Grec,4.5,219,253.0
48.84479928858768_2.329337755887181,La Rotonde,105 boulevard du Montparnasse,930,La Rotonde,4.0,185,272.0
48.83310149953933_2.299380004405976,Songsan,20 rue Marmontel,849,Songsan,4.0,30,407.0
48.851315406715976_2.291950285434724,Au Dernier Métro,70 boulevard de Grenelle,385,Au Dernier Métro,4.0,175,137.0
48.851315406715976_2.291950285434724,Restaurant 58 Tour Eiffel,5 avenue Anatole France,685,La Tour Eiffel,4.5,2052,806.0
48.879406604954_2.3034455627202988,Le Sens Unique,47 rue de Ponthieu,982,Le Sens Unique,4.5,76,890.0
48.82234096593411_2.327861653302471,Patisserie Thevenin,119 avenue du Général Leclerc,755,Maison Thevenin,4.0,21,255.0
48.83823094269141_2.270506024360657,Au Trinquet,8 quai Saint-Exupéry,499,Trinquet Village,4.0,18,400.0
48.83823094269141_2.270506024360657,Le Cardinal,5 place de la Porte de Saint-Cloud,893,Le Cardinal,3.5,39,957.0
48.89792240854517_2.32851451022192,Le Ruisseau,65 rue du Ruisseau,915,Le Ruisseau,4.5,46,966.0
48.89792240854517_2.32851451022192,Chez Irène et Bernard,58 rue Gauthey,788,Irène et Bernard,4.0,42,666.0
48.85384405433352_2.289705348222022,Restaurant 58 Tour Eiffel,5 avenue Anatole France,43,La Tour Eiffel,4.5,2052,612.0
48.85384405433352_2.289705348222022,Au Dernier Métro,70 boulevard de Grenelle,221,Au Dernier Métro,4.0,175,462.0
48.79628807093802_2.417212128639221,Belle Citronnelle,206 rue Paul Vaillant Couturier,472,Furin Kazan,4.5,3,651.0
48.89594736851349_2.381133802246315,Cité des Sciences et de l'Industrie,30 avenue Corentin Cariou,307,Cité des Sciences et de l'Industrie,4.0,119,496.0
48.89594736851349_2.381133802246315,Cité des Sciences et de l'Industrie,30 avenue Corentin Cariou,307,La Cité des Enfants,4.5,13,503.0
48.89594736851349_2.381133802246315,Pathé la Villette,30 avenue Corentin Cariou,536,Cité des Sciences et de l'Industrie,4.0,119,496.0
48.89594736851349_2.381133802246315,Pathé la Villette,30 avenue Corentin Cariou,536,La Cité des Enfants,4.5,13,503.0
48.89594736851349_2.381133802246315,Simonetta,32 quai de la Marne,680,Simonetta,4.5,7,663.0
48.89594736851349_2.381133802246315,Les Bancs Publics,2 rue de Nantes,713,Les Bancs Publics,4.5,22,598.0
48.89594736851349_2.381133802246315,Le Pavillon des Canaux,39 quai de la Loire,833,Le Pavillon des Canaux,4.5,103,961.0
48.882428_2.314002,Le P'tit Canon,36 rue Legendre,798,Le P'tit Canon,4.5,34,217.0
48.84057992369012_2.2584119439125065,La Garçonnière,98 rue Michel Ange,896,La Garçonnière,3.5,16,50.0
48.84057992369012_2.2584119439125065,Le Cardinal,5 place de la Porte de Saint-Cloud,811,Le Cardinal,3.5,39,365.0
48.84884147189881_2.426325418925233,Barto,22 avenue de Paris,378,Absolu,4.0,24,816.0
48.8804934032465_2.39806417375803,Afrik'N'Fusion,330 rue des Pyrénées,488,Afrik'N'Fusion 20ème,4.0,18,979.0
48.8804934032465_2.39806417375803,Au Bœuf Couronné,188 avenue Jean Jaurès,846,Au Boeuf Couronné,4.0,98,998.0
48.78980918988166_2.3143940046429634,McDonald's,149/151 avenue Aristide Briand,885,McDonald's,5.0,1,544.0
48.78980918988166_2.3143940046429634,Foulo,27 avenue du Général Leclerc,760,Foulo,3.5,10,547.0
48.888735896947_2.3469526693225,Atelier Ramey,23 rue Ramey,892,L'Atelier Ramey,5.0,26,54.0
48.888735896947_2.3469526693225,La Boite aux Lettres,108 rue Lepic,521,La Boîte aux Lettres,5.0,51,676.0
48.8693268535238_2.395084574818611,Benoît Castel,150 rue de Ménilmontant,562,Benoît Castel,4.0,19,254.0
48.8693268535238_2.395084574818611,Aux Ours,236 rue des Pyrénées,693,Aux Ours,3.5,29,234.0
48.861411014652_2.3201214185208,Orsay Museum (Musée d'Orsay),1 rue de la Légion d'Honneur,340,Musée d’Orsay,4.5,918,402.0
48.879355_2.358379,Brasserie Bellanger,140 rue du Faubourg Poissonnière,737,Brasserie Bellanger,5.0,21,635.0
48.879355_2.358379,Belushi's Gare du Nord,5 rue de Dunkerque,787,Belushi's,2.5,32,23.0
48.8214169_2.342167,La Fabrique aux Gourmandises,82 rue de l'Amiral Mouchez,902,La Fabrique aux Gourmandises,5.0,5,64.0
48.8351212784276_2.385534569621086,La Cinémathèque française,51 rue de Bercy,899,Cinémathèque Française,4.0,40,322.0
48.8351212784276_2.385534569621086,Musée des Arts Forains,53 avenue des Terroirs de France,709,Musée des Arts Forains - Les Pavillons de Bercy,4.5,40,394.0
48.859091104741_2.3185685276985,Orsay Museum (Musée d'Orsay),1 rue de la Légion d'Honneur,815,Musée d’Orsay,4.5,918,514.0
48.859091104741_2.3185685276985,Les Antiquaires,13 rue du Bac,879,Les Antiquaires,4.5,465,716.0
48.88949630486821_2.333393658804396,La Boite aux Lettres,108 rue Lepic,213,La Boîte aux Lettres,5.0,51,459.0
48.89479981668399_2.318705212173216,Chez Irène et Bernard,58 rue Gauthey,617,Irène et Bernard,4.0,42,289.0
48.89479981668399_2.318705212173216,Café Dose Paris Batignolles,82 place du Docteur Félix Lobligeois,839,Dose,4.5,23,849.0
48.89479981668399_2.318705212173216,Scoop Me a Cookie,72 rue Legendre,952,Scoop Me a Cookie,4.5,25,951.0
48.78448485079149_2.35908430069685,Assya,114 rue de Chevilly,419,Augusta Pizza,5.0,1,464.0
48.86106902949534_2.2730283066630363,Bon,25 rue de la Pompe,847,Bon,4.0,120,157.0
48.86106902949534_2.2730283066630363,Musée Marmottan Monet,2 rue Louis Boilly,947,Musée Marmottan Monet,4.5,70,459.0
48.8978867_2.3458001,Le Ruisseau,65 rue du Ruisseau,302,Le Ruisseau,4.5,46,533.0
48.844730256132095_2.341923944866407,Au Père Louis,38 rue Monsieur le Prince,640,Au Père Louis,4.0,268,485.0
48.87759897050706_2.348463758826256,Brasserie Bellanger,140 rue du Faubourg Poissonnière,589,Brasserie Bellanger,5.0,21,387.0
48.88655580065981_2.288640439510346,Schwartz's Deli,22 avenue Niel,359,Schwartz's Deli,4.0,55,841.0
48.87935941942529_2.366596162319184,Khayma rooftop,9-11 place du Colonel Fabien,486,Generator Paris,3.5,53,251.0
48.87935941942529_2.366596162319184,Siseng,82 quai de Jemmapes,832,Siseng,4.5,161,793.0
48.851419978983_2.3097044974566,Kozy Salon Urbain,79 avenue Bosquet,833,Kozy Bosquet,4.5,298,544.0
48.8761373390584_2.3680844979417,Siseng,82 quai de Jemmapes,907,Siseng,4.5,161,479.0
48.8761373390584_2.3680844979417,Khayma rooftop,9-11 place du Colonel Fabien,744,Generator Paris,3.5,53,258.0
48.83940266673835_2.32971478253603,La Rotonde,105 boulevard du Montparnasse,760,La Rotonde,4.0,185,331.0
48.891457726153774_2.348636478060487,Atelier Ramey,23 rue Ramey,940,L'Atelier Ramey,5.0,26,381.0
48.880726_2.351464,Brasserie Bellanger,140 rue du Faubourg Poissonnière,748,Brasserie Bellanger,5.0,21,107.0
48.879223_2.349147,Brasserie Bellanger,140 rue du Faubourg Poissonnière,871,Brasserie Bellanger,5.0,21,199.0
48.87219_2.329423,Palais Garnier (Opéra Garnier),8 rue Scribe,303,Opéra National de Paris - Palais Garnier,4.5,252,166.0
48.87219_2.329423,Café de la Paix,5 place de l'Opéra,929,Café de la Paix,3.5,247,224.0
48.875642647477_2.3594588041306,Holybelly 5,19 rue Lucien Sampaix,989,Holybelly 19,4.5,300,402.0
48.88320784122797_2.3308449949028507,La Boite aux Lettres,108 rue Lepic,151,La Boîte aux Lettres,5.0,51,671.0
48.85669155011532_2.306646779179573,L'Eclair,32 rue Cler,246,L'Éclair,4.0,89,57.0
48.85669155011532_2.306646779179573,Kozy Salon Urbain,79 avenue Bosquet,417,Kozy Bosquet,4.5,298,169.0
48.85669155011532_2.306646779179573,L'Ami Jean,27 rue Malar,553,L'Ami Jean,4.0,251,391.0
48.85669155011532_2.306646779179573,La Fontaine de Mars,129 rue Saint-Dominique,666,La Fontaine de Mars,4.5,340,353.0
48.857058739111_2.3417982839439,Kodawari Ramen,29 rue Mazarine,917,Kodawari Ramen,4.0,95,379.0
48.883667_2.395733,Cité de la Musique,221 avenue Jean Jaurès,772,Philharmonie de Paris,4.5,23,643.0
48.883667_2.395733,Grande Halle de la Villette,211 avenue Jean Jaurès,790,Parc de la Villette,4.0,35,942.0
48.883667_2.395733,Au Bœuf Couronné,188 avenue Jean Jaurès,822,Au Boeuf Couronné,4.0,98,608.0
48.845515089794_2.3726498446286,East Mamma,133 rue du Faubourg Saint-Antoine,52,East Mamma,4.5,262,718.0
48.857615678565_2.3358313530377,Kodawari Ramen,29 rue Mazarine,828,Kodawari Ramen,4.0,95,370.0
48.8978765_2.3230632,Octopussy Bar,22 rue de la Jonquière,799,Octopussy,4.5,8,505.0
48.8978765_2.3230632,Chez Irène et Bernard,58 rue Gauthey,837,Irène et Bernard,4.0,42,480.0
48.838683941628375_2.3110422492027287,Bong,42 rue Blomet,354,Bong,4.0,74,596.0
48.838683941628375_2.3110422492027287,Le Ciel de Paris,33 avenue du Maine,582,Ciel de Paris,3.5,234,899.0
48.849063299501_2.3558086529374,Berthillon,29-31 rue Saint-Louis en l'Île,735,Berthillon,4.5,756,301.0
48.849063299501_2.3558086529374,Le temps des cerises,31 rue de la Cerisaie,861,Le Temps des Cerises,4.5,375,726.0
48.856502977696_2.2931787543289,Restaurant 58 Tour Eiffel,5 avenue Anatole France,984,La Tour Eiffel,4.5,2052,228.0
48.856502977696_2.2931787543289,Ladurée,5 avenue Anatole France,308,La Tour Eiffel,4.5,2052,228.0
48.862923800596_2.4155035614967,Peppe Pizzeria,2 place Saint-Blaise,432,Peppe,5.0,10,885.0
48.862923800596_2.4155035614967,Peppe Pizzeria,2 place Saint-Blaise,432,Blaise et Basile,4.0,11,884.0
48.862923800596_2.4155035614967,Le Papillon,144 rue de Bagnolet,666,Café Le Papillon,4.0,14,1033.0
48.8847601_2.3534657,Brasserie Bellanger,140 rue du Faubourg Poissonnière,954,Brasserie Bellanger,5.0,21,495.0
48.8847601_2.3534657,Atelier Ramey,23 rue Ramey,1028,L'Atelier Ramey,5.0,26,630.0
48.87745567681383_2.309694221419506,Le Sens Unique,47 rue de Ponthieu,885,Le Sens Unique,4.5,76,686.0
48.87748519186726_2.3660067468881607,Siseng,82 quai de Jemmapes,350,Siseng,4.5,161,581.0
48.87748519186726_2.3660067468881607,Khayma rooftop,9-11 place du Colonel Fabien,404,Generator Paris,3.5,53,274.0
48.88917613743794_2.383365333080292,Simonetta,32 quai de la Marne,851,Simonetta,4.5,7,131.0
48.88917613743794_2.383365333080292,Les Bancs Publics,2 rue de Nantes,851,Les Bancs Publics,4.5,22,193.0
48.88917613743794_2.383365333080292,Le Pavillon des Canaux,39 quai de la Loire,883,Le Pavillon des Canaux,4.5,103,393.0
48.88917613743794_2.383365333080292,Café Odilon,16 quai de la Marne,762,Café Odilon,5.0,8,118.0
48.881949_2.352339,Brasserie Bellanger,140 rue du Faubourg Poissonnière,929,Brasserie Bellanger,5.0,21,204.0
48.88896161855884_2.322528975094376,Café Dose Paris Batignolles,82 place du Docteur Félix Lobligeois,561,Dose,4.5,23,400.0
48.884492238407525_2.370394170284272,Les Marmites Volantes,69 rue Armand Carrel,334,Les Marmites Volantes,4.5,12,287.0
48.884492238407525_2.370394170284272,Le Pavillon des Canaux,39 quai de la Loire,626,Le Pavillon des Canaux,4.5,103,689.0
48.87070242355431_2.358739863900845,Holybelly 5,19 rue Lucien Sampaix,761,Holybelly 19,4.5,300,218.0
48.87334627510507_2.337980867701675,Hard Rock Cafe,14 boulevard Montmartre,753,Hard Rock Cafe Paris,3.5,220,320.0
48.872010281270974_2.392039597034455,Afrik'N'Fusion,330 rue des Pyrénées,409,Afrik'N'Fusion 20ème,4.0,18,181.0
48.847208456061_2.3861273378134,East Mamma,133 rue du Faubourg Saint-Antoine,817,East Mamma,4.5,262,747.0
48.847208456061_2.3861273378134,Louie Louie,78 rue de Charonne,225,Louie Louie,4.5,46,817.0
48.862147844548_2.3772348091006,Ober Mamma,107 boulevard Richard Lenoir,706,Ober Mamma,4.5,307,582.0
48.88192765861766_2.392586767673493,Au Bœuf Couronné,188 avenue Jean Jaurès,999,Au Boeuf Couronné,4.0,98,715.0
48.88192765861766_2.392586767673493,Afrik'N'Fusion,330 rue des Pyrénées,277,Afrik'N'Fusion 20ème,4.0,18,977.0
48.874746047357135_2.3082953318953514,Shabestan,5 rue du Commandant Rivière,419,Shabestan,5.0,17,246.0
48.85868877406296_2.383553994571467,Louie Louie,78 rue de Charonne,324,Louie Louie,4.5,46,622.0
48.8687591_2.4329931,Villa 9 Trois,71 rue Hoche,512,Villa 9 Trois,4.0,28,550.0
48.84097491091973_2.264390252530575,Au Trinquet,8 quai Saint-Exupéry,609,Trinquet Village,4.0,18,342.0
48.84097491091973_2.264390252530575,Pizzeria d'Auteuil,81 rue Jean de la Fontaine,304,Pizzeria d'Auteuil,4.0,66,849.0
48.84097491091973_2.264390252530575,Il Farniente,44 rue des Perchamps,964,Il Far'niente,4.5,32,998.0
48.88364782887555_2.2952447086572647,Schwartz's Deli,22 avenue Niel,518,Schwartz's Deli,4.0,55,356.0
48.837668272811_2.3448138346607,Au P'tit Grec,68 rue Mouffetard,972,Au P'tit Grec,4.5,219,665.0
48.837668272811_2.3448138346607,Arrivederci Pizzeria,47 rue Gay-Lussac,359,Arrivederci,4.5,18,468.0
48.83761417037952_2.397253782195704,Le Janissaire,22-24 allée Vivaldi,581,Le Janissaire,4.0,83,601.0
48.83761417037952_2.397253782195704,Le Picotin,35 rue Sibuet,668,Le Picotin,4.5,46,778.0
48.852804604940296_2.293077029857222,Au Dernier Métro,70 boulevard de Grenelle,483,Au Dernier Métro,4.0,175,274.0
48.852804604940296_2.293077029857222,Restaurant 58 Tour Eiffel,5 avenue Anatole France,546,La Tour Eiffel,4.5,2052,627.0
48.893923963057865_2.39790290594101,Cité de la Musique,221 avenue Jean Jaurès,970,Philharmonie de Paris,4.5,23,594.0
48.893923963057865_2.39790290594101,Grande Halle de la Villette,211 avenue Jean Jaurès,257,Parc de la Villette,4.0,35,499.0
48.893923963057865_2.39790290594101,Pathé la Villette,30 avenue Corentin Cariou,317,Cité des Sciences et de l'Industrie,4.0,119,755.0
48.893923963057865_2.39790290594101,Pathé la Villette,30 avenue Corentin Cariou,317,La Cité des Enfants,4.5,13,760.0
48.893923963057865_2.39790290594101,Cité des Sciences et de l'Industrie,30 avenue Corentin Cariou,347,Cité des Sciences et de l'Industrie,4.0,119,755.0
48.893923963057865_2.39790290594101,Cité des Sciences et de l'Industrie,30 avenue Corentin Cariou,347,La Cité des Enfants,4.5,13,760.0
48.84702057165222_2.3464982619671075,Jozi Café,3 rue Valette,545,Jozi Café,5.0,35,105.0
48.84702057165222_2.3464982619671075,Au Père Louis,38 rue Monsieur le Prince,740,Au Père Louis,4.0,268,499.0
48.87503465588394_2.359801238597928,Holybelly 5,19 rue Lucien Sampaix,841,Holybelly 19,4.5,300,331.0
48.87503465588394_2.359801238597928,Siseng,82 quai de Jemmapes,907,Siseng,4.5,161,494.0
48.861142162761_2.3677996181077,Ober Mamma,107 boulevard Richard Lenoir,918,Ober Mamma,4.5,307,397.0
48.85154484769_2.3146149516106,L'Arpège,84 rue de Varenne,172,L'Arpège,4.0,230,499.0
48.86131452758348_2.440614402294159,Villa 9 Trois,71 rue Hoche,623,Villa 9 Trois,4.0,28,610.0
48.8667175_2.3692541,Ober Mamma,107 boulevard Richard Lenoir,753,Ober Mamma,4.5,307,264.0
48.8471116_2.3956204,L'Églantine,21 rue Fabre d'Eglantine,296,L'Eglantine,3.5,27,21.0
48.8471116_2.3956204,Fulgurances l'Adresse,10 rue Alexandre Dumas,751,Fulgurances l'Adresse,4.5,22,770.0
48.8471116_2.3956204,Le Janissaire,22-24 allée Vivaldi,754,Le Janissaire,4.0,83,671.0
48.8471116_2.3956204,Chez Prosper,7 avenue du Trône,894,Chez Prosper,3.5,280,255.0
48.886472466142_2.3328901827335,La Boite aux Lettres,108 rue Lepic,979,La Boîte aux Lettres,5.0,51,389.0
48.85708641027236_2.39841252565384,Meli Mellow,55 bis rue de Bagnolet,300,Méli Mellow,3.0,7,23.0
48.85708641027236_2.39841252565384,L'Abribus,56 rue de Bagnolet,692,L'Abribus Café,4.0,52,62.0
48.85708641027236_2.39841252565384,Fulgurances l'Adresse,10 rue Alexandre Dumas,330,Fulgurances l'Adresse,4.5,22,777.0
48.9155156_2.3814103,Le Chien Qui Fume,193 avenue Victor Hugo,124,Le Chien Qui Fume,3.0,1,177.0
48.9155156_2.3814103,Kiss n'Food,53 rue de la Commune de Paris,743,Le 53,5.0,1,563.0
48.83372430280548_2.271385453641414,Big Fernand,30 rue Ernest Renan,646,Big Fernand,4.0,12,949.0
48.83372430280548_2.271385453641414,Au Trinquet,8 quai Saint-Exupéry,677,Trinquet Village,4.0,18,658.0
48.87403113727167_2.38959476351738,Afrik'N'Fusion,330 rue des Pyrénées,371,Afrik'N'Fusion 20ème,4.0,18,107.0
48.84780306364685_2.445141971111298,Barto,22 avenue de Paris,433,Absolu,4.0,24,756.0
48.84780306364685_2.445141971111298,Barto,22 avenue de Paris,433,BARTO,4.0,8,756.0
48.89738369720229_2.395998537540436,Pathé la Villette,30 avenue Corentin Cariou,533,Cité des Sciences et de l'Industrie,4.0,119,624.0
48.89738369720229_2.395998537540436,Pathé la Villette,30 avenue Corentin Cariou,533,La Cité des Enfants,4.5,13,603.0
48.89738369720229_2.395998537540436,Cité des Sciences et de l'Industrie,30 avenue Corentin Cariou,646,Cité des Sciences et de l'Industrie,4.0,119,624.0
48.89738369720229_2.395998537540436,Cité des Sciences et de l'Industrie,30 avenue Corentin Cariou,646,La Cité des Enfants,4.5,13,603.0
48.89738369720229_2.395998537540436,Cité de la Musique,221 avenue Jean Jaurès,633,Philharmonie de Paris,4.5,23,912.0
48.871244610447015_2.40390568971634,Benoît Castel,150 rue de Ménilmontant,657,Benoît Castel,4.0,19,430.0
48.871244610447015_2.40390568971634,Aux Ours,236 rue des Pyrénées,236,Aux Ours,3.5,29,673.0
48.88633710236977_2.407338917255402,Ciné 104,104 avenue Jean Lolive,496,Vertigo,4.5,3,619.0
48.88633710236977_2.407338917255402,Au Royal Couscous,39 rue André Joineau,877,Au Royal Couscous,4.0,11,275.0
48.864920982538_2.3025491823859,Gigi Paris,15 avenue Montaigne,421,Maison Blanche,3.5,138,98.0
48.864920982538_2.3025491823859,Manko,15 avenue Montaigne,612,Maison Blanche,3.5,138,98.0
48.864920982538_2.3025491823859,Chez Francis,7 place de l'Alma,942,Chez Francis,3.0,194,61.0
48.818144834008976_2.271184623241425,La Factory Burger,16 rue René Jacques,984,La Factory,4.5,8,944.0
48.818144834008976_2.271184623241425,La Factory Burger,16 rue René Jacques,984,Le Libanais,5.0,2,960.0
48.8927825_2.3635598,Olympic Café,20 rue Léon,879,L'Olympic Café,4.0,31,903.0
48.8927825_2.3635598,Chez Meunier,2 rue de la Chapelle,888,Au Roi du Café,4.0,35,366.0
48.852828153442_2.2978776320815,Restaurant 58 Tour Eiffel,5 avenue Anatole France,949,La Tour Eiffel,4.5,2052,664.0
48.852828153442_2.2978776320815,Au Dernier Métro,70 boulevard de Grenelle,925,Au Dernier Métro,4.0,175,446.0
48.83769531916335_2.275374233722687,Au Trinquet,8 quai Saint-Exupéry,799,Trinquet Village,4.0,18,755.0
48.8417514_2.3413893,Arrivederci Pizzeria,47 rue Gay-Lussac,945,Arrivederci,4.5,18,158.0
48.8417514_2.3413893,Au P'tit Grec,68 rue Mouffetard,299,Au P'tit Grec,4.5,219,608.0
48.88467214209463_2.391969859600068,Cité de la Musique,221 avenue Jean Jaurès,404,Philharmonie de Paris,4.5,23,532.0
48.88467214209463_2.391969859600068,Au Bœuf Couronné,188 avenue Jean Jaurès,360,Au Boeuf Couronné,4.0,98,407.0
48.88467214209463_2.391969859600068,Simonetta,32 quai de la Marne,807,Simonetta,4.5,7,855.0
48.88467214209463_2.391969859600068,Les Bancs Publics,2 rue de Nantes,568,Les Bancs Publics,4.5,22,909.0
48.84394906403183_2.415081394834419,Le Picotin,35 rue Sibuet,988,Le Picotin,4.5,46,934.0
48.84394906403183_2.415081394834419,Chez Gudule,58 boulevard de Picpus,402,Chez Gudule,3.5,44,936.0
48.866830968942_2.3654810339212,Ober Mamma,107 boulevard Richard Lenoir,415,Ober Mamma,4.5,307,430.0
48.77093586667601_2.40340143442154,Love Pizza,36 rue du Docteur Roux,566,Love Pizza,4.0,4,33.0
48.77093586667601_2.40340143442154,La Tavola,40 rue Emile Zola,188,La Tavola,5.0,1,500.0
48.874575_2.356796,Holybelly 5,19 rue Lucien Sampaix,581,Holybelly 19,4.5,300,399.0
48.89401874744574_2.3319872841238976,Boulom,181 rue Ordener,616,Boulom,4.0,11,273.0
48.89401874744574_2.3319872841238976,La Boite aux Lettres,108 rue Lepic,859,La Boîte aux Lettres,5.0,51,919.0
48.87174684930295_2.3722528328789854,Radiodays,15 rue Alibert,993,Radiodays,4.5,41,364.0
48.87174684930295_2.3722528328789854,Siseng,82 quai de Jemmapes,930,Siseng,4.5,161,525.0
48.89579697978_2.3455855841349,Le Ruisseau,65 rue du Ruisseau,858,Le Ruisseau,4.5,46,389.0
48.89579697978_2.3455855841349,Sunset,100 rue Ordener,1002,Sunset,4.0,22,393.0
48.89579697978_2.3455855841349,Atelier Ramey,23 rue Ramey,938,L'Atelier Ramey,5.0,26,840.0
48.879595787608_2.3544725775719,NENI Paris,12 boulevard de Denain,905,NENI,5.0,5,35.0
48.879595787608_2.3544725775719,Brasserie Bellanger,140 rue du Faubourg Poissonnière,166,Brasserie Bellanger,5.0,21,357.0
48.84993035512154_2.294612042605877,Au Dernier Métro,70 boulevard de Grenelle,268,Au Dernier Métro,4.0,175,120.0
48.84993035512154_2.294612042605877,Le Café du Commerce,51 rue du Commerce,252,Le Café du Commerce,3.5,202,395.0
48.859358523593_2.3896131366845,Fulgurances l'Adresse,10 rue Alexandre Dumas,415,Fulgurances l'Adresse,4.5,22,717.0
48.831632518292565_2.3293121159076686,Les Jardins Contini,49 avenue du Général Leclerc,622,Les Jardins Contini,3.5,28,207.0
48.8415473058801_2.233161628246308,Chez Madeleine,39 rue de Paris,971,Chez Madeleine,4.5,21,911.0
48.81527009991819_2.298078276995073,Le Chistèra,38 rue Guy Moquet,274,Le Chistèra,2.5,3,226.0
48.81527009991819_2.298078276995073,Amago Sushi,89 rue Guy Moquet,590,Amago Sushi,3.0,3,99.0
48.81527009991819_2.298078276995073,Le Bistrot,61 rue Paul Vaillant Couturier,484,Le Bistrot Malakoff,3.0,1,223.0
48.876111_2.4677312,Léon de Bruxelles,32 rue Jules Ferry,920,Léon de Bruxelles,2.5,11,715.0
48.83495885166784_2.241680324077606,Pedra Alta,6 avenue du Général Leclerc,805,Pedra Alta,4.0,69,170.0
48.83495885166784_2.241680324077606,Plantxa,58 rue Gallieni,821,Plantxa,4.5,8,490.0
48.83495885166784_2.241680324077606,Chez Madeleine,39 rue de Paris,864,Chez Madeleine,4.5,21,622.0
48.81111581390707_2.314573862444816,Au Couscous,47 rue Fénelon,248,Au Couscous,4.5,4,70.0
48.82941_2.375934,La Felicità,55 boulevard Vincent Auriol,770,La Felicità,4.0,27,572.0
48.89110239200789_2.402843534946442,Cité de la Musique,221 avenue Jean Jaurès,818,Philharmonie de Paris,4.5,23,690.0
48.89110239200789_2.402843534946442,Grande Halle de la Villette,211 avenue Jean Jaurès,576,Parc de la Villette,4.0,35,801.0
48.89110239200789_2.402843534946442,Au Bœuf Couronné,188 avenue Jean Jaurès,652,Au Boeuf Couronné,4.0,98,896.0
48.8210923742561_2.333725690841675,Café Chinchin,25 avenue Reille,917,Chinchin,4.0,9,363.0
48.89237189825042_2.205548956990242,L'Apostrophe,9 rue Maurice Thorez,741,L'Apostrophe,4.5,8,790.0
48.89237189825042_2.205548956990242,Au Petit Thai (Au Petit Thaï),59 rue Volant,608,Au Petit Thaï,4.5,3,550.0
48.890451120965_2.3490573929687,Atelier Ramey,23 rue Ramey,987,L'Atelier Ramey,5.0,26,297.0
48.848563233059_2.3204218259346,Restaurant Plume,24 rue Pierre Leroux,608,Plume,4.5,20,92.0
48.821475594736775_2.3026576638221745,Wahaha,24 avenue Pierre Larousse,807,Wahaha,4.5,3,196.0
48.85742170807208_2.437578141689301,Le Drunken,19 rue Girard,383,Le Drunken,4.5,6,277.0
48.82753962462998_2.2416052222251897,Le Phare de Boulogne,179 rue du Vieux Pont de Sèvres,465,Le Phare,4.0,3,341.0
48.82753962462998_2.2416052222251897,Pedra Alta,6 avenue du Général Leclerc,569,Pedra Alta,4.0,69,667.0
48.790114_2.4025777,Seven Sushi,100 rue de Choisy,1055,Le Délice Du Wok,4.0,1,523.0
48.790114_2.4025777,Seven Sushi Halal jap thaï,100 rue de Choisy,604,Le Délice Du Wok,4.0,1,523.0
48.8798926_2.2587671,Louis Vuitton Foundation (Fondation Louis Vuitton),8 avenue du Mahatma Gandhi,773,Le Frank,3.5,11,501.0
48.8798926_2.2587671,Livio,6 rue de Longchamp,940,Chez Livio,3.5,112,525.0
48.8798926_2.2587671,Chez Thai,4 rue de l'Eglise,565,La Table des Oliviers,4.5,32,632.0
48.8094458_2.3903009,Le Capitole,9 rue Truillot,751,L'escale,4.0,2,167.0
48.8094458_2.3903009,Vanity Lounge,9 rue Truillot,797,L'escale,4.0,2,167.0
48.8094458_2.3903009,Junmai Sushi,44 rue Raspail,421,Junmai,4.0,7,143.0
48.86223916006812_2.4435862898826604,Villa 9 Trois,71 rue Hoche,180,Villa 9 Trois,4.0,28,780.0
48.86431136000005_2.4105210229754443,Peppe Pizzeria,2 place Saint-Blaise,976,Peppe,5.0,10,659.0
48.86431136000005_2.4105210229754443,Le Papillon,144 rue de Bagnolet,25,Café Le Papillon,4.0,14,792.0
48.854898095789295_2.4186685681343083,Restaurant Obrigado,8 avenue de la Porte de Montreuil,609,Obrigado,4.0,10,521.0
48.854898095789295_2.4186685681343083,Kyoto,169 rue de Paris,403,Kyoto,5.0,1,333.0
48.854898095789295_2.4186685681343083,Les Pianos,26 rue Robespierre,340,Les Pianos,4.5,2,321.0
48.83802015441127_2.2460845112800603,Plantxa,58 rue Gallieni,950,Plantxa,4.5,8,88.0
48.83802015441127_2.2460845112800603,Chez Madeleine,39 rue de Paris,280,Chez Madeleine,4.5,21,225.0
48.83802015441127_2.2460845112800603,Auberge de la Reine,42 route de la Reine,320,Auberge de la Reine,4.0,12,155.0
48.83802015441127_2.2460845112800603,Pedra Alta,6 avenue du Général Leclerc,948,Pedra Alta,4.0,69,568.0
48.8750657910044_2.3316738009452824,Palais Garnier (Opéra Garnier),8 rue Scribe,245,Opéra National de Paris - Palais Garnier,4.5,252,347.0
48.84070239213081_2.409667745232582,Le Picotin,35 rue Sibuet,919,Le Picotin,4.5,46,636.0
48.84070239213081_2.409667745232582,Chez Gudule,58 boulevard de Picpus,974,Chez Gudule,3.5,44,661.0
48.86741186571367_2.290781380114821,Chez Maram,30 rue de Longchamp,831,New Jawad,4.0,33,264.0
48.865804276686_2.3693370749669,Ober Mamma,107 boulevard Richard Lenoir,418,Ober Mamma,4.5,307,165.0
48.8853251694029_2.316423766314984,Le P'tit Canon,36 rue Legendre,711,Le P'tit Canon,4.5,34,165.0
48.8853251694029_2.316423766314984,Café Dose Paris Batignolles,82 place du Docteur Félix Lobligeois,752,Dose,4.5,23,229.0
48.85865170952645_2.303716580234576,L'Eclair,32 rue Cler,815,L'Éclair,4.0,89,249.0
48.82837482809675_2.384273745805574,Musée des Arts Forains,53 avenue des Terroirs de France,946,Musée des Arts Forains - Les Pavillons de Bercy,4.5,40,571.0
48.82837482809675_2.384273745805574,La Felicità,55 boulevard Vincent Auriol,461,La Felicità,4.0,27,1099.0
48.87525454905335_2.340853661298752,Hard Rock Cafe,14 boulevard Montmartre,859,Hard Rock Cafe Paris,3.5,220,393.0
48.844835471244416_2.297508493065834,Le Café du Commerce,51 rue du Commerce,195,Le Café du Commerce,3.5,202,237.0
48.883498_2.282015,Le Sébillon,20 avenue Charles de Gaulle,826,Sébillon,4.0,38,516.0
48.8644954_2.3750124,Ober Mamma,107 boulevard Richard Lenoir,715,Ober Mamma,4.5,307,364.0
48.86746195408435_2.405970990657807,Aux Ours,236 rue des Pyrénées,713,Aux Ours,3.5,29,680.0
48.86746195408435_2.405970990657807,Peppe Pizzeria,2 place Saint-Blaise,340,Peppe,5.0,10,830.0
48.848191348584_2.341831654854,Le Choupinet,58 boulevard Saint-Michel,684,Le Choupinet,4.0,28,96.0
48.89465_2.381868,Simonetta,32 quai de la Marne,464,Simonetta,4.5,7,509.0
48.89465_2.381868,Les Bancs Publics,2 rue de Nantes,541,Les Bancs Publics,4.5,22,444.0
48.89465_2.381868,Cité des Sciences et de l'Industrie,30 avenue Corentin Cariou,563,Cité des Sciences et de l'Industrie,4.0,119,453.0
48.89465_2.381868,Pathé la Villette,30 avenue Corentin Cariou,597,Cité des Sciences et de l'Industrie,4.0,119,453.0
48.89465_2.381868,Le Pavillon des Canaux,39 quai de la Loire,733,Le Pavillon des Canaux,4.5,103,833.0
48.88611466796807_2.356855627529275,Atelier Ramey,23 rue Ramey,940,L'Atelier Ramey,5.0,26,780.0
48.88611466796807_2.356855627529275,Brasserie Bellanger,140 rue du Faubourg Poissonnière,966,Brasserie Bellanger,5.0,21,763.0
48.886591074488_2.261394560337067,Livio,6 rue de Longchamp,522,Chez Livio,3.5,112,330.0
48.886591074488_2.261394560337067,Chez Thai,4 rue de l'Eglise,188,La Table des Oliviers,4.5,32,220.0
48.84520880183234_2.2656840831041336,Pizzeria d'Auteuil,81 rue Jean de la Fontaine,512,Pizzeria d'Auteuil,4.0,66,373.0
48.84520880183234_2.2656840831041336,Il Farniente,44 rue des Perchamps,575,Il Far'niente,4.5,32,523.0
48.839109_2.4175664,Cuisine de Perle,1 rue Grandville,960,Cuisine de Perle,5.0,1,119.0
48.88863669349711_2.3111706599593163,Café Dose Paris Batignolles,82 place du Docteur Félix Lobligeois,857,Dose,4.5,23,508.0
48.863875_2.28189,Schwartz's,7 avenue d'Eylau,543,Schwartz's Deli,3.5,64,273.0
48.863875_2.28189,Le Paris 16,18 rue des Belles Feuilles,595,Le Paris 16,4.0,37,304.0
48.847563015126106_2.433383166790009,Barto,22 avenue de Paris,889,Absolu,4.0,24,340.0
48.847563015126106_2.433383166790009,Barto,22 avenue de Paris,889,BARTO,4.0,8,325.0
48.847563015126106_2.433383166790009,Les Saveurs de Djerba,14 rue Robert Giraudineau,956,Le Méditerrannée - Les Saveurs de Djerba,4.0,21,220.0
48.85034821320644_2.273029983043671,Il Farniente,44 rue des Perchamps,135,Il Far'niente,4.5,32,346.0
48.85034821320644_2.273029983043671,Pop's,38 rue du Ranelagh,342,Pop's,5.0,11,493.0
48.85034821320644_2.273029983043671,Pizzeria d'Auteuil,81 rue Jean de la Fontaine,218,Pizzeria d'Auteuil,4.0,66,571.0
48.858462881661_2.4147954583168,Restaurant Obrigado,8 avenue de la Porte de Montreuil,341,Obrigado,4.0,10,592.0
48.858462881661_2.4147954583168,Peppe Pizzeria,2 place Saint-Blaise,239,Peppe,5.0,10,796.0
48.858462881661_2.4147954583168,Peppe Pizzeria,2 place Saint-Blaise,239,Blaise et Basile,4.0,11,796.0
48.858462881661_2.4147954583168,Le Papillon,144 rue de Bagnolet,473,Café Le Papillon,4.0,14,929.0
48.88125496379482_2.373463287949562,Gumbo Yaya,3 rue Charles Robin,616,Gumbo Yaya,4.5,81,522.0
48.88125496379482_2.373463287949562,Le Pavillon des Canaux,39 quai de la Loire,272,Le Pavillon des Canaux,4.5,103,788.0
48.88125496379482_2.373463287949562,Khayma rooftop,9-11 place du Colonel Fabien,613,Generator Paris,3.5,53,440.0
48.895713_2.400571,Cité de la Musique,221 avenue Jean Jaurès,775,Philharmonie de Paris,4.5,23,867.0
48.895713_2.400571,Grande Halle de la Villette,211 avenue Jean Jaurès,261,Parc de la Villette,4.0,35,770.0
48.895713_2.400571,Pathé la Villette,30 avenue Corentin Cariou,615,Cité des Sciences et de l'Industrie,4.0,119,927.0
48.895713_2.400571,Pathé la Villette,30 avenue Corentin Cariou,615,La Cité des Enfants,4.5,13,919.0
48.895713_2.400571,Cité des Sciences et de l'Industrie,30 avenue Corentin Cariou,432,Cité des Sciences et de l'Industrie,4.0,119,927.0
48.895713_2.400571,Cité des Sciences et de l'Industrie,30 avenue Corentin Cariou,432,La Cité des Enfants,4.5,13,919.0
48.8435137879902_2.3065522313117985,Bong,42 rue Blomet,589,Bong,4.0,74,104.0
48.8435137879902_2.3065522313117985,Au Roi du Café,59 rue Lecourbe,753,Au Roi du Café,4.0,64,25.0
48.84442462786544_2.294059172272682,Gioco,2 rue Mademoiselle,781,Wako,4.0,8,103.0
48.84442462786544_2.294059172272682,Le Café du Commerce,51 rue du Commerce,893,Le Café du Commerce,3.5,202,240.0
48.871624306962985_2.3639265082738348,Holybelly 5,19 rue Lucien Sampaix,694,Holybelly 19,4.5,300,237.0
48.872988840744_2.3294984212276,Palais Garnier (Opéra Garnier),8 rue Scribe,872,Opéra National de Paris - Palais Garnier,4.5,252,197.0
48.872988840744_2.3294984212276,Café de la Paix,5 place de l'Opéra,399,Café de la Paix,3.5,247,287.0
48.83227829269761_2.3022570088505745,Songsan,20 rue Marmontel,125,Songsan,4.0,30,543.0
48.86921273836114_2.371688821240712,Ober Mamma,107 boulevard Richard Lenoir,828,Ober Mamma,4.5,307,549.0
48.86921273836114_2.371688821240712,Siseng,82 quai de Jemmapes,588,Siseng,4.5,161,590.0
48.84309486651855_2.2597770800669053,Pizzeria d'Auteuil,81 rue Jean de la Fontaine,920,Pizzeria d'Auteuil,4.0,66,747.0
48.84309486651855_2.2597770800669053,Il Farniente,44 rue des Perchamps,598,Il Far'niente,4.5,32,958.0
48.882976576876565_2.260125767248034,Livio,6 rue de Longchamp,943,Chez Livio,3.5,112,235.0
48.882976576876565_2.260125767248034,Chez Thai,4 rue de l'Eglise,276,La Table des Oliviers,4.5,32,294.0
48.8888_2.296319,Le Grand Zino,97 avenue de Villiers,329,Zino,4.0,29,575.0
48.8888_2.296319,Schwartz's Deli,22 avenue Niel,340,Schwartz's Deli,4.0,55,931.0
48.819211549234495_2.254007756710053,La Passerelle,172 quai de Stalingrad,502,La Passerelle,3.5,7,707.0
48.819211549234495_2.254007756710053,Restaurant l'Ile,170 quai de Stalingrad,566,Parc de l'Île Saint Germain,4.0,10,851.0
48.819211549234495_2.254007756710053,Thon,1 rue de Paris,537,Thon,4.0,10,404.0
48.819211549234495_2.254007756710053,La Factory Burger,16 rue René Jacques,529,La Factory,4.5,8,659.0
48.819211549234495_2.254007756710053,La Factory Burger,16 rue René Jacques,529,Le Libanais,5.0,2,652.0
48.864660627935_2.3692265531829,Ober Mamma,107 boulevard Richard Lenoir,827,Ober Mamma,4.5,307,67.0
48.910388180512_2.3117771744728,Kawasaki,8 rue Madame de Sanzillon,819,Kawasaki Sushi,4.5,4,818.0
48.910388180512_2.3117771744728,Green is Better,14 rue Jean Walter,870,Green is Better,3.0,1,123.0
48.79387269664978_2.321148812770844,McDonald's,149/151 avenue Aristide Briand,609,McDonald's,5.0,1,170.0
48.905303858642_2.31055945158,Polette,115 boulevard Victor Hugo,949,Polette,4.5,5,614.0
48.905303858642_2.31055945158,Kawasaki,8 rue Madame de Sanzillon,25,Kawasaki Sushi,4.5,4,362.0
48.905303858642_2.31055945158,Auberg'In,77 rue de Paris,323,Auberg'In,4.5,10,708.0
48.88678574147968_2.3746193200349808,Le Pavillon des Canaux,39 quai de la Loire,630,Le Pavillon des Canaux,4.5,103,306.0
48.886393679436_2.3865414544355,Simonetta,32 quai de la Marne,802,Simonetta,4.5,7,472.0
48.886393679436_2.3865414544355,Le Pavillon des Canaux,39 quai de la Loire,767,Le Pavillon des Canaux,4.5,103,587.0
48.886393679436_2.3865414544355,Au Bœuf Couronné,188 avenue Jean Jaurès,733,Au Boeuf Couronné,4.0,98,411.0
48.88467368538326_2.380039058625698,Le Pavillon des Canaux,39 quai de la Loire,1014,Le Pavillon des Canaux,4.5,103,325.0
48.88467368538326_2.380039058625698,Franco et Giacomo,115 avenue Jean Jaurès,568,Franco et Giacomo,4.0,23,131.0
48.90379820774301_2.3187401890754704,Polette,115 boulevard Victor Hugo,776,Polette,4.5,5,251.0
48.90379820774301_2.3187401890754704,Kawasaki,8 rue Madame de Sanzillon,533,Kawasaki Sushi,4.5,4,325.0
48.8577967_2.3192664,Orsay Museum (Musée d'Orsay),1 rue de la Légion d'Honneur,300,Musée d’Orsay,4.5,918,525.0
48.84288183896324_2.222245037555695,Sushi Shop,3 rue Dailly,711,Sushi Shop,4.0,7,280.0
48.799824_2.328171,Le Palais de Cachan,27 avenue Aristide Briand,151,Le Palais de Cachan,1.0,1,336.0
48.799824_2.328171,Tokyo Yaki,125 avenue Aristide Briand,817,Tokyo Yaki,3.5,5,361.0
48.799824_2.328171,L'Océan Bleu,71 rue Emile Raspail,618,L'Océan Bleu,5.0,2,481.0
48.855628721101_2.3256602883339,Orsay Museum (Musée d'Orsay),1 rue de la Légion d'Honneur,44,Musée d’Orsay,4.5,918,520.0
48.855628721101_2.3256602883339,Les Antiquaires,13 rue du Bac,883,Les Antiquaires,4.5,465,330.0
48.855628721101_2.3256602883339,Galette Café,2 rue de l'Université,234,Galette Café,4.5,114,446.0
48.814280450380224_2.341034710407257,La Fabrique aux Gourmandises,82 rue de l'Amiral Mouchez,269,La Fabrique aux Gourmandises,5.0,5,769.0
48.868895162679_2.3919824145635,Aux Ours,236 rue des Pyrénées,803,Aux Ours,3.5,29,376.0
48.82124248401006_2.2511002421379094,La Machine à Coudes,57 rue yves kermen,882,La Machine à Coudes,4.0,9,664.0
48.82124248401006_2.2511002421379094,Restaurant l'Ile,170 quai de Stalingrad,944,Parc de l'Île Saint Germain,4.0,10,749.0
48.82124248401006_2.2511002421379094,Thon,1 rue de Paris,946,Thon,4.0,10,430.0
48.82124248401006_2.2511002421379094,La Factory Burger,16 rue René Jacques,962,La Factory,4.5,8,737.0
48.82124248401006_2.2511002421379094,La Factory Burger,16 rue René Jacques,962,Le Libanais,5.0,2,725.0
48.8184945213025_2.3744174838066106,L'Hommage,36 avenue de Choisy,783,L'Hommage,5.0,6,934.0
48.867362_2.396222,Aux Ours,236 rue des Pyrénées,568,Aux Ours,3.5,29,37.0
48.85670169739857_2.445072233676911,Le Drunken,19 rue Girard,343,Le Drunken,4.5,6,825.0
48.82176874759649_2.3688706755638127,Pho Tai,13 rue Philibert Lucot,427,Phó Taì,4.0,94,554.0
48.82176874759649_2.3688706755638127,New Hoa Khoan,15 avenue de Choisy,196,Tricotin,3.5,134,396.0
48.82176874759649_2.3688706755638127,Tricotin,15 avenue de Choisy,590,Tricotin,3.5,134,396.0
48.85078526167496_2.2871585190296173,Le Volant Basque,13 rue Béatrix Dussane,704,Le Volant Basque,4.5,244,804.0
48.87660391892763_2.404769691129476,Benoît Castel,150 rue de Ménilmontant,829,Benoît Castel,4.0,19,538.0
48.849259262115_2.3917546141943,Fulgurances l'Adresse,10 rue Alexandre Dumas,320,Fulgurances l'Adresse,4.5,22,923.0
